{
  "embedding": {
    "batch_sizes": [
      1,
      8,
      16,
      32,
      64
    ],
    "processing_times": [
      0.1270444673219353,
      0.24495790106984944,
      0.41419504876515933,
      0.7702192912119256,
      1.2791629607097657
    ],
    "throughput": [
      7.871259733538523,
      32.658673041613014,
      38.62914355857424,
      41.546609342449216,
      50.03271824294263
    ],
    "avg_time": 0.567115933815727,
    "max_throughput": 50.03271824294263
  },
  "search": {
    "complexities": [
      "단순",
      "중간",
      "복잡",
      "매우복잡"
    ],
    "response_times": [
      0.08380560081400008,
      0.14897256677995976,
      0.4017663688290988,
      0.7382489097293812
    ],
    "accuracy_scores": [
      0.9874329643523281,
      0.9084162412006335,
      0.8679713393865255,
      0.8442296062325138
    ],
    "avg_response_time": 0.34319836153810995,
    "avg_accuracy": 0.9020125377930002
  },
  "cache": {
    "operations": [
      "메모리 읽기",
      "메모리 쓰기",
      "Redis 읽기",
      "Redis 쓰기",
      "디스크 캐시"
    ],
    "latencies_ms": [
      2.130817341773197,
      2.8764659134380848,
      7.988869032235189,
      14.699523950919048,
      112.94335318544847
    ],
    "hit_rates": [
      0.957610551803388,
      0.9955408341624948,
      0.8733334906209441,
      0.9318220763942784,
      0.8452488268437297
    ],
    "avg_latency": 28.127805884762797,
    "avg_hit_rate": 0.920711155964967
  },
  "training": {
    "epochs": [
      1,
      2,
      3,
      4,
      5,
      6,
      7,
      8,
      9,
      10
    ],
    "training_loss": [
      2.1341907803233124,
      1.7065208600952562,
      1.4116311238897439,
      1.1594238868758677,
      0.9712709652095249,
      0.8127854603739422,
      0.6749180045192807,
      0.5278618397341877,
      0.5114166861856286,
      0.4121330252712208
    ],
    "validation_accuracy": [
      0.40685929810459504,
      0.4890028447840024,
      0.5553737793909062,
      0.6444327374556815,
      0.7099496543530556,
      0.7357713222036385,
      0.7984065599411222,
      0.7969182675831928,
      0.8404149308356453,
      0.8785308733760037
    ],
    "training_time_seconds": [
      53.30644860478007,
      46.48132665232138,
      47.93532389814001,
      49.17890693703326,
      46.373178674527,
      53.9511130285756,
      51.99017895725172,
      49.37958575346261,
      49.220339185548866,
      49.93071031222607
    ],
    "total_training_time": 497.74711200386656,
    "final_accuracy": 0.8785308733760037
  },
  "api": {
    "endpoints": [
      "/health",
      "/auth",
      "/search",
      "/recommend",
      "/analyze"
    ],
    "response_times_ms": [
      14.903356790032113,
      147.20469154548914,
      187.58003144065418,
      534.6749240148247,
      935.5816384946742
    ],
    "success_rates": [
      0.999,
      0.9991193663987223,
      0.9909271227241525,
      0.9772497521611555,
      0.9889165404869822
    ],
    "requests_per_second": [
      1027.6462496401814,
      578.3558704048401,
      244.16270459259243,
      152.06734381216242,
      58.10782675431507
    ],
    "avg_response_time": 363.9889284571349,
    "avg_success_rate": 0.9910425563542026
  }
}